{"43mlH1xdzuM+KDirx6BEsQ==":"logo_horizontal-96x29.png","WVKNQeu4/qYOq4WYlcbozA==":"logo_horizontal-317x95.png","mvqa9J29GUjY4X23X099JQ==":"logo_horizontal-512x154.png","xgpjMK+7vxj9YlgiXB/KDg==":"alfajor-696x415.png","udd68ER72cfUd8vT5XiDGA==":"biscoito_goiabinha-696x415.png","WfA6SEeXmbqocq+6nAw/CA==":"biscoito_nilnho-696x415.png","Vb7GgbMoe0curpGYBParsg==":"background3.jpg","9gTZCTNG/xWVer14+GscXg==":"bolo_caseirinho-696x415.png","JDCU8xwC0CxMWRRCR+itWw==":"bombom_chocolate_ao_leite-696x415.png","oeUBFaXwh8wzROhewJy8pA==":"bombom_chocolate_branco-696x415.png","JTXyjUq6C3/zaE49uPnHzA==":"brownie-696x415.png","Y/xx4oODAyqz4LmAY65RpA==":"chocotone_trufado-696x415.png","UKpAIxSeHoHwT/vK+SMmrA==":"cone_beijinho-696x415.png","x3pgZ/tBJgB9JA8flurqKA==":"cone_brigadeiro-696x415.png","Us0NFBJoH4S0D8naT7dqtA==":"cone_doce_de_leite-696x415.png","Kbirc1iJg0FuZw/j/Gva5Q==":"cone_limao-696x415.png","3sNJ757nthP525ReSadhhw==":"cone_maracuja-696x415.png","3QTWyKtRwA5RZ6z76ZmVQg==":"cone_morango-696x415.png","6K2prJJCCMHXRYd3QuG8sA==":"cone_ninho-696x415.png","e8+0q8WG2bPS5m3FuEWK+A==":"cone_ninho_nutella-696x415.png","71dRxD5AqwKLrZv6OoO1zA==":"cone_nutella-696x415.png","TJfSqX4WKL/rrXxBoDFYVA==":"cone_oreo-696x415.png","zqB9WXf7c8JQCuJGaPrZ5g==":"cone_ovomaltine-696x415.png","fg2/Os5NUy/oguzf3gleYA==":"cone_pacoca-696x415.png","55Tvokh3LDbaO3ukuCeeOA==":"cone_sensasao-696x415.png","JkED9GaJo8SZ+wUUW4UayA==":"cone_tradicional-696x415.png","xNbOUZNesI31cp9bYhjLGw==":"coxinha_morango-696x415.png","Gj4KBpN+5giJgyMbGOS5Iw==":"maca_do_amor-696x415.png","OEyctjx73N2+I468YE7/jQ==":"ovo_colher-696x415.png","yVK5ZNdHIXHwxrQj8Z7Nhg==":"ovos_trufados-696x415.png","QLAIjIzSOcGhIeUADjMyfQ==":"potinho_decorado-696x415.png","iRFu1qEZkDqUYmNBsGKmGQ==":"pudim-696x415.png","U070Z7WGzuCmLDH4TGwlMQ==":"trufa_beijinho-696x415.png","3yFWXfJxuNcVlFR3arUp1A==":"trufa_brigadeiro-696x415.png","mD5L3kVHHyWWspMyKqK+Yg==":"trufa_doce_de_leite-696x415.png","8g49+FJIcMf1qbJXqDj+lQ==":"trufa_limao-696x415.png","wZgqIvpHQ5SX7VSgy5VVnQ==":"trufa_maracuja-696x415.png","6YbiDOxph1pAcMK6gH83OA==":"trufa_morango-696x415.png","cmlc8Bvyxtn5vTVoZRfR+Q==":"trufa_ninho-696x415.png","Uk/GhHFeMpNH0y9F6UyslA==":"trufa_ninho_nutella-696x415.png","bbLdBzFRczkhCOBLrN7Btw==":"trufa_nutella-696x415.png","PuxHWqLH9MebeoVDqWYDKw==":"trufa_ovomaltine-696x415.png","yVLrc2K/0xaKfKkgmlFhRQ==":"trufa_pacoca-696x415.png","LUWC93Bjxxggt4ItU4gr+g==":"trufa_sensasao-696x415.png","TcBmfoVzRndTE/UTE44fIg==":"trufa_tradicional-696x415.png"}